time,x,y,z,v,com,azi,ele,snr,noise
0,-0.00681345583871007,0.04307052865624428,0.0,0.0,0.043606119056783896,-8.989299004357685,0.0,192,916
1,-0.025891132652759552,0.035087645053863525,0.0,0.0,0.04360611867007548,-36.42357318166456,0.0,192,916
2,0.7113248109817505,1.0455491542816162,0.0,0.0,1.264577407965691,34.22886740817655,0.0,358,807
3,-0.6322886943817139,1.095156192779541,0.0,0.0,1.2645774312497877,-29.99999892289098,0.0,358,807
